"filename", "language", "C++", "Markdown", "C", "C#", "JSON", "JavaScript", "comment", "blank", "total"
"c:\Archive\LanQiao\2ban.md", "Markdown", 0, 91, 0, 0, 0, 0, 0, 33, 124
"c:\Archive\LanQiao\Algorithms\时间复杂度\C1.cpp", "C++", 11, 0, 0, 0, 0, 0, 9, 3, 23
"c:\Archive\LanQiao\Algorithms\时间复杂度\conwork.js", "JavaScript", 0, 0, 0, 0, 0, 16, 0, 1, 17
"c:\Archive\LanQiao\C2P\AnyThing\Train1.cpp", "C++", 9, 0, 0, 0, 0, 0, 74, 4, 87
"c:\Archive\LanQiao\C2P\AnyThing\c1.cpp", "C++", 42, 0, 0, 0, 0, 0, 1, 17, 60
"c:\Archive\LanQiao\C2P\AnyThing\helloworld.cpp", "C++", 4, 0, 0, 0, 0, 0, 11, 5, 20
"c:\Archive\LanQiao\C2P\E1.cpp", "C++", 18, 0, 0, 0, 0, 0, 18, 5, 41
"c:\Archive\LanQiao\C2P\c0.cpp", "C++", 7, 0, 0, 0, 0, 0, 3, 6, 16
"c:\Archive\LanQiao\C2P\c1.cpp", "C++", 28, 0, 0, 0, 0, 0, 0, 1, 29
"c:\Archive\LanQiao\C2P\helloworld.cpp", "C++", 5, 0, 0, 0, 0, 0, 37, 5, 47
"c:\Archive\LanQiao\C\Anything\helloworld.c", "C", 0, 0, 6, 0, 0, 0, 11, 5, 22
"c:\Archive\LanQiao\C\S1E13\study2.c", "C", 0, 0, 4, 0, 0, 0, 2, 3, 9
"c:\Archive\LanQiao\C\ZJU\9.md", "Markdown", 0, 4, 0, 0, 0, 0, 0, 1, 5
"c:\Archive\LanQiao\C\ZJU\日语单词1.md", "Markdown", 0, 54, 0, 0, 0, 0, 0, 5, 59
"c:\Archive\LanQiao\C\ZJU\日语单词1_.md", "Markdown", 0, 54, 0, 0, 0, 0, 0, 5, 59
"c:\Archive\LanQiao\C\ZJU\日语语法.md", "Markdown", 0, 2, 0, 0, 0, 0, 0, 2, 4
"c:\Archive\LanQiao\C\ZJU\第一课.md", "Markdown", 0, 32, 0, 0, 0, 0, 0, 7, 39
"c:\Archive\LanQiao\C\ZJU\考试要求.md", "Markdown", 0, 13, 0, 0, 0, 0, 0, 0, 13
"c:\Archive\LanQiao\Lesson\Lesson1\Lesson1.cpp", "C++", 11, 0, 0, 0, 0, 0, 43, 1, 55
"c:\Archive\LanQiao\Lesson\Lesson1\OJ.cpp", "C++", 13, 0, 0, 0, 0, 0, 29, 5, 47
"c:\Archive\LanQiao\Lesson\Lesson1\example1.cpp", "C++", 13, 0, 0, 0, 0, 0, 1, 3, 17
"c:\Archive\LanQiao\Lesson\Lesson1\example2.cpp", "C++", 12, 0, 0, 0, 0, 0, 1, 4, 17
"c:\Archive\LanQiao\Lesson\Lesson1\example3.cpp", "C++", 11, 0, 0, 0, 0, 0, 0, 2, 13
"c:\Archive\LanQiao\Lesson\Lesson1\example4.cpp", "C++", 14, 0, 0, 0, 0, 0, 0, 2, 16
"c:\Archive\LanQiao\Lesson\Lesson1\study.md", "Markdown", 0, 27, 0, 0, 0, 0, 0, 7, 34
"c:\Archive\LanQiao\Lesson\Lesson2\study.md", "Markdown", 0, 107, 0, 0, 0, 0, 0, 12, 119
"c:\Archive\LanQiao\Lesson\Lesson2\study1.cpp", "C++", 19, 0, 0, 0, 0, 0, 18, 10, 47
"c:\Archive\LanQiao\Lesson\Lesson2\study2.cpp", "C++", 11, 0, 0, 0, 0, 0, 4, 4, 19
"c:\Archive\LanQiao\Lesson\Lesson2\study3.cpp", "C++", 0, 0, 0, 0, 0, 0, 21, 4, 25
"c:\Archive\LanQiao\Lesson\Lesson3\study.md", "Markdown", 0, 126, 0, 0, 0, 0, 0, 35, 161
"c:\Archive\LanQiao\Lesson\Lesson4\study1.md", "Markdown", 0, 57, 0, 0, 0, 0, 0, 21, 78
"c:\Archive\LanQiao\Unity\UsrDatabaseManager.cs", "C#", 0, 0, 0, 98, 0, 0, 1, 10, 109
"c:\Archive\LanQiao\Unity\data.json", "JSON", 0, 0, 0, 0, 123, 0, 0, 1, 124
"c:\Archive\LanQiao\Unity\md\MySQL.md", "Markdown", 0, 63, 0, 0, 0, 0, 0, 39, 102
"c:\Archive\LanQiao\Unity\md\URP.md", "Markdown", 0, 34, 0, 0, 0, 0, 0, 13, 47
"c:\Archive\LanQiao\Unity\md\Vroid.md", "Markdown", 0, 1, 0, 0, 0, 0, 0, 0, 1
"c:\Archive\LanQiao\Unity\new_data_zh.json", "JSON", 0, 0, 0, 0, 1881, 0, 0, 0, 1881
"c:\Archive\LanQiao\avx2_demo.cpp", "C++", 18, 0, 0, 0, 0, 0, 0, 4, 22
"c:\Archive\LanQiao\bp.md", "Markdown", 0, 0, 0, 0, 0, 0, 0, 1, 1
"c:\Archive\LanQiao\homework.md", "Markdown", 0, 0, 0, 0, 0, 0, 0, 1, 1
"c:\Archive\LanQiao\test.cpp", "C++", 13, 0, 0, 0, 0, 0, 0, 2, 15
"c:\Archive\LanQiao\市场分析.md", "Markdown", 0, 18, 0, 0, 0, 0, 0, 11, 29
"c:\Archive\LanQiao\数据结构与算法(DLUFL)\lesson1.md", "Markdown", 0, 16, 0, 0, 0, 0, 0, 7, 23
"Total", "-", 259, 699, 10, 98, 2004, 16, 284, 307, 3677